{
	"data_source": "JOMSOCIAL_TITLE",
	"source": "jomsocial",
	"tab": "NSP_DATA_SOURCE_JOMSOCIAL-options",
	"tabj3" : "NSP_DATA_SOURCE_COM_EASYBLOG",
	"sources": [
		{
			"name": "JOMSOCIAL_LATEST_STATUS",
			"value": "jomsocial_latest_status"
		},
		{
			"name": "JOMSOCIAL_LATEST_PHOTO",
			"value": "jomsocial_latest_photo"
		},
		{
			"name": "JOMSOCIAL_USER_STATUS",
			"value": "jomsocial_user_status"
		},
		{
			"name": "JOMSOCIAL_USER_PHOTO",
			"value": "jomsocial_user_photo"
		}
	],
	"supported_options": {
		"sort_values": {
			"MOD_NEWS_PRO_GK5_DATE": "created",
			"MOD_NEWS_PRO_GK5_TITLE": "title",
			"MOD_NEWS_PRO_GK5_RANDOM": "random"
		},
		"offset": true,
		"news_since": true,
		"news_in": false,
		"news_featured": false,
		"only_featured": false,
		"one_article_per_category": false,
		"news_unauthorized": false,
		"time_offset": true 
	},
	"supported_elements": {
		"header": false,
		"image": true,
		"text": true,
		"readmore": true,
		"info": true,
		"info2": true
	}
}