{"moduleclass_sfx":"fhirek","module_unique_id":"","cache":"1","cache_time":"900","cachemode":"itemid","module_mode":"normal","use_own_article_format":"0","article_format":"","article_format_text":"","nsp_pre_text":"","nsp_post_text":"","data_source":"rss_feed","source_name":"rss","com_content_categories":["10"],"com_content_articles":"","k2_articles":"","easyblog_articles":"","rss_feed":"https:\/\/tehetseggondozas.mk.uni-pannon.hu\/index.php\/home\/hirek?format=feed&type=atom","json_file":"","xml_file":"","com_virtuemart_products":"","com_hikashop_products":"","jomsocial_user_status":"","jomsocial_user_photo":"","com_solidres_hotels":"","com_solidres_rooms":"","news_sort_order":"DESC","offset":"0","news_since":"","news_in":"","news_featured":"1","only_featured":"0","one_article_per_category":"0","news_unauthorized":"0","time_offset":"0","thumb_image_type":"first","com_content_comments_source":"none","com_content_text_type":"introtext","hide_current_com_content_article":"0","k2_comments_source":"k2","com_k2_text_type":"introtext","hide_current_k2_article":"0","k2_image_size":"Generic","k2_get_extra_fields":"0","hikashop_itemid":"9999","hikashop_out_of_stock":"1","hikashop_add_to_cart":"1","rss_cache_time":"60","easyblog_comments_source":"easyblog","hide_current_easyblog_article":"0","easyblog_image_size":"original","vm_itemid":"9999","vm_lang":"","vm_out_of_stock":"1","vm_show_price_type":"salesPrice","vm_add_to_cart":"0","vm_show_discount_amount":"0","vm_show_tax":"0","vm_display_type":"text_price","vm_show_featured_badge":"0","portal_mode_news_gallery_amount":"10","portal_mode_news_gallery_cols":"3","portal_mode_news_gallery_pagination_type":"arrows","portal_mode_news_gallery_autoanimation":"1","portal_mode_news_gallery_autoanimation_time":"5000","portal_mode_product_gallery_amount":"10","portal_mode_product_gallery_cols":"3","portal_mode_product_gallery_nav":"1","portal_mode_product_gallery_autoanimation":"1","portal_mode_product_gallery_autoanimation_time":"5000","portal_mode_product_gallery_2_rows":"2","portal_mode_product_gallery_2_cols":"4","portal_mode_product_gallery_2_button":"cart","portal_mode_news_blocks_cols":"2","portal_mode_news_blocks_rows":"2","portal_mode_title_overlay_text_pos":"top","portal_mode_title_overlay_text_padding":"30px","portal_mode_title_overlay_text_bg":"transparent","portal_mode_title_overlay_text_width":"100","portal_mode_centered_title_overlay_text_bg":"","portal_mode_centered_title_limit_type":"chars","portal_mode_centered_title_limit":"40","portal_mode_centered_text_limit_type":"words","portal_mode_centered_text_limit":"30","portal_mode_portfolio_initial_anim":"0","portal_mode_portfolio_cols":"3","portal_mode_portfolio_rows":"3","portal_mode_portfolio_pages":"3","portal_mode_portfolio_link":"1","portal_mode_portfolio_link_url":"","portal_mode_portfolio2_cols":"3","portal_mode_portfolio2_rows":"3","portal_mode_portfolio2_filter":"1","portal_mode_portfolio2_popup":"1","portal_mode_speakers_list_cols":"2","portal_mode_speakers_list_rows":"2","portal_mode_grid_title_overlay_text_pos":"none","portal_mode_grid_title_overlay_text_color":"light","portal_mode_grid_title_overlay_text_padding":"30px","portal_mode_frontpage_image_overlay_text_color":"light","portal_mode_frontpage_image_overlay_title":"1","portal_mode_frontpage_image_overlay_text":"1","portal_mode_frontpage_image_overlay_text_limit":"100","portal_mode_frontpage_image_overlay_readon":"1","portal_mode_frontpage_image_overlay_readon_text":"","portal_mode_highlights_readmore":"","portal_mode_highlights_amount":"7","portal_mode_highlights_date_format":"","portal_mode_highlights_title_limit_type":"chars","portal_mode_highlights_title_limit":"40","portal_mode_video_gallery_popup":"1","portal_mode_video_gallery_popup_x":"640","portal_mode_video_gallery_popup_y":"480","portal_mode_video_gallery_pages":"2","portal_mode_video_gallery_per_page":"3","portal_mode_video_gallery_title_limit_type":"chars","portal_mode_video_gallery_title_limit":"40","portal_mode_video_gallery_text_limit_type":"chars","portal_mode_video_gallery_text_limit":"60","portal_mode_video_gallery_autoanimation":"5000","portal_mode_video_list_popup":"1","portal_mode_video_list_popup_x":"640","portal_mode_video_list_popup_y":"480","portal_mode_video_list_pages":"2","portal_mode_video_list_per_page":"3","portal_mode_video_list_rows":"1","portal_mode_video_list_title":"1","portal_mode_video_list_date":"1","portal_mode_video_list_title_limit_type":"chars","portal_mode_video_list_title_limit":"40","portal_mode_events_list_cols":"2","portal_mode_events_list_rows":"2","portal_mode_jomsocial_photos_total":"8","portal_mode_jomsocial_photos_amount":"4","portal_mode_jomsocial_photos_width":"310","portal_mode_jomsocial_photos_animation":"0","portal_mode_grid_news_cols":"2","portal_mode_grid_news_rows":"2","portal_mode_grid_news_title_length":"40","portal_mode_grid_news_title_length_type":"chars","portal_mode_grid_news_date_format":"f J, Y","portal_mode_grid_news_text_length":"40","portal_mode_grid_news_text_length_type":"chars","portal_mode_grid_news_url":"","portal_mode_grid_news_link_text":"Find more news","portal_mode_evonews1_num_leading":"1","portal_mode_evonews1_num_intro":"3","portal_mode_evonews1_num_links":"5","portal_mode_evonews2_num_leading":"1","portal_mode_evonews2_leading_column":"1","portal_mode_evonews2_num_intro":"3","portal_mode_evonews2_intro_column":"1","portal_mode_evonews3_num_leading":"1","portal_mode_evonews3_num_intro":"3","portal_mode_portfolio_grid_amount":"20","portal_mode_portfolio_grid_cols":"5","portal_mode_portfolio_grid_cols_small_desktop":"4","portal_mode_portfolio_grid_cols_tablet":"3","portal_mode_portfolio_grid_cols_small_tablet":"2","portal_mode_portfolio_grid_cols_mobile":"1","portal_mode_portfolio_grid_title_length":"40","portal_mode_portfolio_grid_title_length_type":"chars","portal_mode_portfolio_grid_title_link":"1","portal_mode_portfolio_grid_overlay":"1","portal_mode_portfolio_grid_popup":"1","portal_mode_portfolio_grid_date_format":"f J, Y","portal_mode_portfolio_grid_author":"1","portal_mode_news_slider_amount":"5","portal_mode_news_slider_title":"1","portal_mode_news_slider_text":"1","portal_mode_news_slider_date":"1","portal_mode_news_slider_date_format":"j F","portal_mode_news_slider_autoanimation_time":"3000","portal_mode_news_slider_image_margin":"-30% 0","portal_mode_news_slider_label":"","portal_mode_news_slider_category_label":"","portal_mode_bikestore_slider_amount":"8","portal_mode_bikestore_slider_speed":"3500","portal_mode_bikestore_slider_autoanim":"0","portal_mode_blend_coffee_menu_show_custum_fields":"1","portal_mode_technews_header1_cols":"3","portal_mode_technews_header2_layout":"main_col_col","portal_mode_new_news_header_layout":"main_2rows_2rows","portal_mode_new_news_slider_amount":"6","portal_mode_new_news_slider_interval":"0","portal_mode_new_news_slider_item_width":"300","portal_mode_new_news_slider_item_width_small_desktop":"250","portal_mode_new_news_slider_item_width_tablet":"200","portal_mode_new_news_slider_item_width_mobile":"150","portal_mode_new_news_slider_arrows":"1","portal_mode_new_news_slider_images":"1","portal_mode_stora_news_slider_amount":"6","portal_mode_stora_news_slider_number_of_column":"6","portal_mode_stora_news_slider_interval":"0","portal_mode_stora_news_slider_arrows":"1","portal_mode_stora_news_slider_images":"1","portal_mode_stora_news_slider_max_lenght":"0","portal_mode_technews_rating_rows":"4","portal_mode_technews_reviews_items":"6","portal_mode_technews_reviews_intro":"","portal_mode_technews_reviews_btn":"Find more","portal_mode_technews_reviews_btn_url":"","portal_mode_technews_reviews_autoanim":"1","portal_mode_technews_reviews_interval":"3000","news_full_pages":"1","news_column":"1","news_rows":"10","top_interface_style":"none","open_links_window":"_blank","articles_link":"0","articles_link_url":"","articles_link_label":"","news_content_header_pos":"left","news_content_header_float":"left","news_header_link":"1","news_header_first_word":"0","use_title_alias":"0","title_limit_type":"words","title_limit":"40","news_content_image_pos":"right","news_content_image_float":"left","news_image_link":"1","news_image_modal":"0","news_content_text_pos":"left","news_content_text_float":"left","news_text_link":"0","news_limit_type":"words","news_limit":"30","clean_xhtml":"1","allowed_tags":"","more_text_value":"...","readmore_text":"Tov\u00e1bb...","parse_plugins":"0","clean_plugins":"0","news_content_info_pos":"left","news_content_info_float":"none","news_content_info2_pos":"left","news_content_info2_float":"left","info_format":"%DATE","info2_format":"","category_link":"1","date_format":"Y-m-d","date_publish":"0","username":"users.name","user_avatar":"0","avatar_size":"16","art_padding":"0 10px 10px 0","news_header_order":"1","news_header_enabled":"1","news_image_order":"3","news_image_enabled":"1","news_text_order":"4","news_text_enabled":"1","news_info_order":"2","news_info_enabled":"1","news_info2_order":"5","news_info2_enabled":"1","news_content_readmore_pos":"right","news_readmore_enabled":"1","news_short_pages":"3","links_amount":"3","links_columns_amount":"1","links_image":"0","links_image_position":"left","links_image_link":"1","links_date":"0","links_readmore":"0","bottom_interface_style":"arrows_with_pagination","links_margin":"0","links_position":"bottom","links_width":"50","list_title_limit_type":"words","list_title_limit":"20","list_text_limit_type":"words","list_text_limit":"30","links_title":"0","links_title_url":"","links_title_label":"","responsive_images":"1","wrap_content":"0","memory_limit":"128M","use_curl_download":"0","create_thumbs":"0","img_auto_scale":"1","img_keep_aspect_ratio":"0","img_width":"160","img_height":"120","img_margin":"6px 14px 0 0","links_img_width":"160","links_img_height":"120","links_img_margin":"6px 14px 0 0","img_bg":"#000000","img_stretch":"0","img_quality":"95","thumbs_cache_time":"30","simple_crop_top":"0","simple_crop_bottom":"0","simple_crop_left":"0","simple_crop_right":"0","crop_rules":"","grayscale_filter":"0","sepia_filter":"0","blur_filter":"0","brightness_filter":"0","smooth_filter":"0","pixelate_filter":"0","contrast_filter":"0","filter_arg":"0","autoanim":"1","hover_anim":"1","animation_speed":"400","animation_interval":"5000","animation_function":"Fx.Transitions.Expo.easeIn","useCSS":"1","useScript":"2","url_overrides":"0","layout":"_:default","module_tag":"div","bootstrap_size":"0","header_tag":"h3","header_class":"","style":"0"}